{
  "timestamp": 1753233299.123348,
  "platform": "macOS-15.5-arm64-arm-64bit",
  "architecture": "arm64",
  "tests": {
    "file_size": {
      "size_bytes": 6019352,
      "size_mb": 5.740501403808594,
      "target_mb": 20,
      "passes": true
    },
    "cli_startup": {
      "average_ms": 8.579063415527344,
      "min_ms": 7.526159286499023,
      "max_ms": 12.109041213989258,
      "iterations": 5,
      "target_ms": 1000,
      "passes": true
    },
    "basic_operations": {
      "help_command": {
        "elapsed_ms": 7.639169692993164,
        "success": true,
        "passes": true
      },
      "version_command": {
        "elapsed_ms": 7.498025894165039,
        "success": true,
        "passes": true
      }
    }
  }
}