{
  "timestamp": 1753241912.556789,
  "platform": "macOS-15.5-arm64-arm-64bit",
  "architecture": "arm64",
  "tests": {
    "file_size": {
      "size_bytes": 6019352,
      "size_mb": 5.740501403808594,
      "target_mb": 20,
      "passes": true
    },
    "cli_startup": {
      "average_ms": 7.726335525512695,
      "min_ms": 7.5168609619140625,
      "max_ms": 8.089780807495117,
      "iterations": 5,
      "target_ms": 1000,
      "passes": true
    },
    "basic_operations": {
      "help_command": {
        "elapsed_ms": 7.591009140014648,
        "success": true,
        "passes": true
      },
      "version_command": {
        "elapsed_ms": 7.5130462646484375,
        "success": true,
        "passes": true
      }
    }
  }
}